id;data_inversa;dia_semana;horario;br;km;municipio;causa_acidente;tipo_acidente;classificacao_acidente;fase_dia;sentido_via;condicao_metereologica;tipo_pista;tracado_via;uso_solo;pessoas;mortos;feridos_leves;feridos_graves;ilesos;ignorados;feridos;veiculos;latitude;longitude
324168.0;2020-10-14;quarta-feira;18:00:00;101.0;268.0;SERRA;Falta de Atenção à Condução;Colisão lateral;Com Vítimas Feridas;Plena Noite;Decrescente;Nublado;Múltipla;Reta;Sim;4;0;2;0;2;0;2;3;-20.20842;-40.269405
314679.0;2020-10-14;quarta-feira;06:50:00;101.0;141.7;LINHARES;Falta de Atenção à Condução;Colisão lateral;Sem Vítimas;Pleno dia;Crescente;Céu Claro;Múltipla;Reta;Sim;2;0;0;0;1;1;0;2;-19.33260736;-40.06840467
314684.0;2020-10-14;quarta-feira;06:55:00;101.0;276.0;SERRA;Falta de Atenção à Condução;Colisão traseira;Com Vítimas Feridas;Pleno dia;Crescente;Chuva;Dupla;Reta;Não;2;0;1;0;1;0;1;2;-20.20788726;-40.313350899999996
314834.0;2020-10-14;quarta-feira;14:15:00;101.0;147.8;LINHARES;Falta de Atenção à Condução;Colisão lateral;Com Vítimas Feridas;Pleno dia;Decrescente;Céu Claro;Dupla;Reta;Sim;2;0;1;0;1;0;1;2;-19.37887202;-40.06657892
314864.0;2020-10-15;quinta-feira;07:40:00;101.0;291.9;CARIACICA;Não guardar distância de segurança;Colisão traseira;Com Vítimas Feridas;Pleno dia;Decrescente;Céu Claro;Dupla;Não Informado;Sim;2;0;1;0;1;0;1;2;-20.29755744;-40.39445616
314832.0;2020-10-15;quinta-feira;03:45:00;101.0;47.6;SAO MATEUS;Condutor Dormindo;Colisão traseira;Com Vítimas Feridas;Plena Noite;Crescente;Céu Claro;Simples;Não Informado;Não;4;0;1;2;1;0;3;2;-18.56004214;-39.90021148
314964.0;2020-10-15;quinta-feira;17:40:00;101.0;190.8;ARACRUZ;Falta de Atenção à Condução;Colisão lateral;Com Vítimas Feridas;Pleno dia;Crescente;Nublado;Simples;Reta;Não;3;0;1;0;2;0;1;2;-19.68908911;-40.28696073
314993.0;2020-10-15;quinta-feira;20:45:00;101.0;257.0;SERRA;Desobediência às normas de trânsito pelo condutor;Colisão transversal;Com Vítimas Feridas;Plena Noite;Decrescente;Céu Claro;Dupla;Curva;Não;2;0;0;1;0;1;1;2;-20.12455095;-40.30331881
314904.0;2020-10-15;quinta-feira;11:40:00;262.0;2.3;CARIACICA;Falta de Atenção do Pedestre;Atropelamento de Pedestre;Com Vítimas Feridas;Pleno dia;Crescente;Céu Claro;Dupla;Não Informado;Sim;2;0;1;0;1;0;1;1;-20.33275688;-40.36077696
315301.0;2020-10-16;sexta-feira;21:00:00;262.0;87.1;DOMINGOS MARTINS;Velocidade Incompatível;Saída de leito carroçável;Com Vítimas Fatais;Plena Noite;Crescente;Chuva;Simples;Curva;Não;1;1;0;0;0;0;0;1;-20.39409905;-41.00077621
315023.0;2020-10-16;sexta-feira;00:10:00;101.0;395.3;RIO NOVO DO SUL;Ingestão de Álcool;Colisão frontal;Com Vítimas Feridas;Plena Noite;Crescente;Nublado;Simples;Reta;Sim;2;0;0;1;1;0;1;2;-20.86594262;-40.93257592
315080.0;2020-10-16;sexta-feira;11:12:00;101.0;400.3;ITAPEMIRIM;Falta de Atenção à Condução;Colisão lateral;Com Vítimas Feridas;Pleno dia;Decrescente;Garoa/Chuvisco;Simples;Reta;Não;2;0;1;0;1;0;1;2;-20.88154434;-40.97435202
315170.0;2020-10-16;sexta-feira;18:20:00;101.0;162.0;LINHARES;Desobediência às normas de trânsito pelo condutor;Colisão transversal;Com Vítimas Feridas;Anoitecer;Decrescente;Céu Claro;Simples;Reta;Não;3;0;0;1;2;0;1;2;-19.49015283;-40.12624024
315178.0;2020-10-16;sexta-feira;19:50:00;101.0;230.3;FUNDAO;Desobediência às normas de trânsito pelo condutor;Colisão transversal;Com Vítimas Feridas;Plena Noite;Crescente;Nublado;Simples;Reta;Não;3;0;0;1;1;1;1;2;-19.93558165;-40.40603211
315184.0;2020-10-16;sexta-feira;20:00:00;262.0;28.4;VIANA;Velocidade Incompatível;Colisão lateral;Com Vítimas Feridas;Plena Noite;Crescente;Chuva;Simples;Curva;Não;2;0;1;0;1;0;1;2;-20.38426904;-40.55863435
315310.0;2020-10-17;sábado;12:40:00;101.0;255.5;SERRA;Falta de Atenção à Condução;Colisão transversal;Com Vítimas Feridas;Pleno dia;Crescente;Nublado;Múltipla;Interseção de vias;Sim;2;0;0;1;1;0;1;2;-20.11811714;-40.31282013
315434.0;2020-10-17;sábado;23:10:00;482.0;106.0;GUACUI;Desobediência às normas de trânsito pelo condutor;Colisão transversal;Com Vítimas Feridas;Plena Noite;Crescente;Nublado;Simples;Reta;Sim;3;0;3;0;0;0;3;1;-20.774964800000003;-41.67600002
315303.0;2020-10-17;sábado;08:30:00;262.0;139.0;MUNIZ FREIRE;Falta de Atenção à Condução;Colisão transversal;Com Vítimas Feridas;Pleno dia;Decrescente;Nublado;Simples;Curva;Não;3;0;1;1;1;0;2;2;-20.232513;-41.362522
315311.0;2020-10-17;sábado;12:30:00;482.0;74.0;ALEGRE;Falta de Atenção à Condução;Colisão transversal;Com Vítimas Feridas;Pleno dia;Decrescente;Céu Claro;Simples;Reta;Não;2;0;1;0;1;0;1;2;-20.74947091;-41.46586694
315338.0;2020-10-17;sábado;16:20:00;101.0;127.0;SOORETAMA;Ingestão de Álcool;Colisão traseira;Com Vítimas Feridas;Pleno dia;Decrescente;Nublado;Simples;Reta;Sim;3;0;1;0;2;0;1;2;-19.202898;-40.095524
315351.0;2020-10-17;sábado;17:00:00;101.0;4.6;ICONHA;Falta de Atenção à Condução;Tombamento;Com Vítimas Feridas;Plena Noite;Crescente;Nublado;Dupla;Reta;Não;2;0;2;0;0;0;2;1;-20.79354;-40.811462
315376.0;2020-10-17;sábado;18:30:00;262.0;109.0;VENDA NOVA DO IMIGRANTE;Falta de Atenção à Condução;Colisão transversal;Com Vítimas Feridas;Plena Noite;Decrescente;Chuva;Simples;Reta;Sim;2;0;1;1;0;0;2;2;-20.33581177;-41.17107062
315637.0;2020-10-18;domingo;21:15:00;101.0;269.0;SERRA;Ingestão de Álcool;Colisão traseira;Sem Vítimas;Plena Noite;Crescente;Garoa/Chuvisco;Dupla;Reta;Não;3;0;0;0;3;0;0;2;-20.22320627;-40.27044123
315596.0;2020-10-18;domingo;18:45:00;482.0;41.0;CACHOEIRO DE ITAPEMIRIM;Falta de Atenção à Condução;Colisão frontal;Com Vítimas Fatais;Anoitecer;Crescente;Nublado;Simples;Curva;Não;3;2;0;1;0;0;1;2;-20.76235136;-41.20394888
315536.0;2020-10-18;domingo;08:30:00;262.0;73.3;DOMINGOS MARTINS;Velocidade Incompatível;Colisão com objeto estático;Com Vítimas Feridas;Pleno dia;Crescente;Chuva;Simples;Ponte;Não;3;0;1;2;0;0;3;1;-20.40947732;-40.88695049
315534.0;2020-10-18;domingo;09:40:00;101.0;402.7;ITAPEMIRIM;Agressão Externa;Tombamento;Sem Vítimas;Pleno dia;Crescente;Nublado;Simples;Curva;Não;1;0;0;0;1;0;0;1;-20.88954737;-40.99664211
315456.0;2020-10-18;domingo;02:00:00;101.0;279.9;SERRA;Falta de Atenção à Condução;Capotamento;Sem Vítimas;Plena Noite;Crescente;Chuva;Múltipla;Reta;Não;1;0;0;0;1;0;0;1;-20.218122;-40.339325
315468.0;2020-10-18;domingo;01:30:00;262.0;22.2;VIANA;Ingestão de Álcool;Capotamento;Com Vítimas Feridas;Plena Noite;Decrescente;Chuva;Simples;Curva;Não;4;0;1;3;0;0;4;1;-20.374058399999996;-40.51933765
315472.0;2020-10-18;domingo;04:00:00;101.0;215.2;IBIRACU;Falta de Atenção à Condução;Colisão frontal;Com Vítimas Feridas;Plena Noite;Crescente;Chuva;Simples;Reta;Não;2;0;0;1;1;0;1;2;-19.83184002;-40.38012995
315522.0;2020-10-18;domingo;09:40:00;262.0;33.5;DOMINGOS MARTINS;Velocidade Incompatível;Tombamento;Com Vítimas Feridas;Pleno dia;Crescente;Nublado;Simples;Não Informado;Não;2;0;1;1;0;0;2;1;-20.37720309;-40.58115901
315711.0;2020-10-19;segunda-feira;08:10:00;101.0;312.0;VILA VELHA;Velocidade Incompatível;Colisão lateral;Sem Vítimas;Pleno dia;Crescente;Nublado;Dupla;Não Informado;Não;3;0;0;0;3;0;0;2;-20.443811;-40.460402
315782.0;2020-10-19;segunda-feira;16:30:00;259.0;45.0;COLATINA;Velocidade Incompatível;Tombamento;Com Vítimas Feridas;Anoitecer;Decrescente;Nublado;Simples;Curva;Não;1;0;1;0;0;0;1;1;-19.53318486;-40.57148984
315735.0;2020-10-19;segunda-feira;08:15:00;101.0;320.8;GUARAPARI;Desobediência às normas de trânsito pelo condutor;Colisão traseira;Com Vítimas Feridas;Pleno dia;Crescente;Céu Claro;Dupla;Reta;Não;3;0;2;0;0;1;2;2;-20.51234104;-40.47639192
315740.0;2020-10-19;segunda-feira;11:00:00;101.0;203.5;JOAO NEIVA;Carga excessiva e/ou mal acondicionada;Tombamento;Com Vítimas Feridas;Pleno dia;Decrescente;Nublado;Simples;Rotatória;Sim;1;0;1;0;0;0;1;1;-19.7467109;-40.3765583
315830.0;2020-10-19;segunda-feira;22:23:00;262.0;4.0;CARIACICA;Falta de Atenção à Condução;Colisão traseira;Sem Vítimas;Plena Noite;Decrescente;Céu Claro;Dupla;Curva;Sim;2;0;0;0;2;0;0;2;-20.33609327;-40.37812784
315793.0;2020-10-19;segunda-feira;19:05:00;101.0;144.3;LINHARES;Velocidade Incompatível;Colisão transversal;Com Vítimas Feridas;Plena Noite;Decrescente;Céu Claro;Simples;Reta;Não;2;0;0;1;1;0;1;2;-19.35188295;-40.0636685
315726.0;2020-10-19;segunda-feira;11:25:00;101.0;268.7;SERRA;Falta de Atenção à Condução;Queda de ocupante de veículo;Com Vítimas Feridas;Pleno dia;Crescente;Nublado;Múltipla;Reta;Sim;1;0;0;1;0;0;1;1;-20.20842;-40.269405
317996.0;2020-10-19;segunda-feira;16:30:00;101.0;147.3;LINHARES;Falta de Atenção à Condução;Colisão lateral;Com Vítimas Feridas;Pleno dia;Decrescente;Céu Claro;Múltipla;Reta;Sim;3;0;1;0;2;0;1;3;-19.40436634;-40.06078896
316001.0;2020-10-20;terça-feira;19:30:00;101.0;298.0;VIANA;Defeito Mecânico no Veículo;Colisão traseira;Com Vítimas Feridas;Anoitecer;Decrescente;Chuva;Dupla;Curva;Sim;2;0;1;0;1;0;1;2;-20.35374444;-40.4156433
315905.0;2020-10-20;terça-feira;11:20:00;262.0;6.0;CARIACICA;Desobediência às normas de trânsito pelo condutor;Colisão lateral;Com Vítimas Feridas;Pleno dia;Crescente;Garoa/Chuvisco;Múltipla;Interseção de vias;Sim;2;0;1;0;1;0;1;2;-20.34007493;-40.39451305
315910.0;2020-10-20;terça-feira;10:30:00;101.0;427.6;ATILIO VIVACQUA;Defeito Mecânico no Veículo;Tombamento;Com Vítimas Feridas;Pleno dia;Crescente;Nublado;Simples;Reta;Não;2;0;2;0;0;0;2;1;-21.01229992;-41.14715009
315981.0;2020-10-20;terça-feira;17:35:00;101.0;151.6;LINHARES;Falta de Atenção à Condução;Colisão transversal;Com Vítimas Feridas;Anoitecer;Crescente;Garoa/Chuvisco;Simples;Curva;Não;2;0;1;0;1;0;1;2;-19.41156656;-40.06592463
316044.0;2020-10-20;terça-feira;23:10:00;101.0;58.6;SAO MATEUS;Falta de Atenção à Condução;Colisão traseira;Com Vítimas Feridas;Plena Noite;Decrescente;Chuva;Simples;Reta;Não;2;0;2;0;0;0;2;2;-18.65547194;-39.87148278
316084.0;2020-10-21;quarta-feira;07:50:00;447.0;12.5;VILA VELHA;Falta de Atenção do Pedestre;Atropelamento de Pedestre;Com Vítimas Feridas;Amanhecer;Decrescente;Céu Claro;Dupla;Interseção de vias;Sim;2;0;0;1;1;0;1;1;-20.34722779;-40.33128446
316098.0;2020-10-21;quarta-feira;07:50:00;101.0;290.9;CARIACICA;Falta de Atenção à Condução;Colisão transversal;Com Vítimas Feridas;Pleno dia;Crescente;Céu Claro;Múltipla;Não Informado;Não;2;0;0;1;1;0;1;2;-20.28927747;-40.39181575
316125.0;2020-10-21;quarta-feira;11:45:00;262.0;46.3;MARECHAL FLORIANO;Desobediência às normas de trânsito pelo condutor;Colisão transversal;Com Vítimas Feridas;Pleno dia;Decrescente;Chuva;Simples;Retorno Regulamentado;Sim;2;0;1;0;1;0;1;2;-20.40565705;-40.67280081
316131.0;2020-10-21;quarta-feira;13:05:00;101.0;143.0;LINHARES;Desobediência às normas de trânsito pelo condutor;Colisão transversal;Com Vítimas Feridas;Pleno dia;Crescente;Nublado;Simples;Retorno Regulamentado;Não;5;0;3;1;1;0;4;2;-19.35188295;-40.0636685
316143.0;2020-10-21;quarta-feira;14:00:00;101.0;16.0;PEDRO CANARIO;Ingestão de Álcool;Colisão transversal;Sem Vítimas;Pleno dia;Crescente;Nublado;Simples;Reta;Sim;3;0;0;0;3;0;0;2;-18.29874595;-39.95732581
316156.0;2020-10-21;quarta-feira;15:10:00;101.0;139.0;LINHARES;Falta de Atenção à Condução;Colisão traseira;Com Vítimas Feridas;Pleno dia;Decrescente;Nublado;Múltipla;Reta;Sim;2;0;1;0;1;0;1;2;-19.3101728;-40.079966600000006
316157.0;2020-10-21;quarta-feira;15:50:00;101.0;266.2;SERRA;Desobediência às normas de trânsito pelo condutor;Colisão transversal;Com Vítimas Feridas;Pleno dia;Decrescente;Nublado;Múltipla;Interseção de vias;Sim;3;0;2;0;1;0;2;2;-20.190199;-40.26828891
316228.0;2020-10-21;quarta-feira;23:30:00;101.0;222.8;IBIRACU;Falta de Atenção à Condução;Tombamento;Com Vítimas Feridas;Plena Noite;Decrescente;Chuva;Simples;Reta;Não;2;0;0;2;0;0;2;1;-19.87372802;-40.41320985
316332.0;2020-10-22;quinta-feira;13:50:00;101.0;267.0;SERRA;Falta de Atenção à Condução;Colisão transversal;Com Vítimas Feridas;Pleno dia;Crescente;Céu Claro;Múltipla;Reta;Sim;2;0;1;0;1;0;1;2;-20.19930999;-40.26884609
316259.0;2020-10-22;quinta-feira;05:30:00;259.0;53.0;COLATINA;Falta de Atenção à Condução;Queda de ocupante de veículo;Com Vítimas Feridas;Amanhecer;Crescente;Nublado;Simples;Reta;Não;1;0;0;1;0;0;1;1;-19.49989886;-40.62939795
316266.0;2020-10-22;quinta-feira;07:30:00;101.0;269.9;SERRA;Não guardar distância de segurança;Colisão traseira;Sem Vítimas;Pleno dia;Crescente;Chuva;Dupla;Reta;Sim;4;0;0;0;4;0;0;3;-20.224041399999997;-40.27044475
316396.0;2020-10-22;quinta-feira;21:10:00;262.0;6.0;CARIACICA;Desobediência às normas de trânsito pelo condutor;Colisão transversal;Com Vítimas Feridas;Plena Noite;Crescente;Nublado;Múltipla;Interseção de vias;Sim;2;0;1;0;1;0;1;2;-20.34007493;-40.39451305
316281.0;2020-10-22;quinta-feira;07:24:00;262.0;22.3;VIANA;Desobediência às normas de trânsito pelo condutor;Saída de leito carroçável;Com Vítimas Feridas;Pleno dia;Decrescente;Chuva;Simples;Curva;Não;1;0;1;0;0;0;1;1;-20.37573476;-40.51281386
316282.0;2020-10-22;quinta-feira;07:26:00;262.0;20.3;VIANA;Velocidade Incompatível;Saída de leito carroçável;Com Vítimas Feridas;Pleno dia;Decrescente;Chuva;Simples;Reta;Não;2;0;2;0;0;0;2;1;-20.3842565;-40.49908161
316410.0;2020-10-22;quinta-feira;20:20:00;101.0;265.3;SERRA;Falta de Atenção à Condução;Colisão lateral;Com Vítimas Feridas;Plena Noite;Crescente;Céu Claro;Dupla;Reta;Não;3;0;1;0;1;1;1;2;-20.1816849;-40.26536036
316403.0;2020-10-22;quinta-feira;21:55:00;101.0;348.3;ANCHIETA;Condutor Dormindo;Colisão lateral;Com Vítimas Feridas;Plena Noite;Crescente;Chuva;Simples;Reta;Não;2;0;1;0;1;0;1;2;-20.65106201;-40.635267
316319.0;2020-10-22;quinta-feira;13:20:00;262.0;104.3;VENDA NOVA DO IMIGRANTE;Falta de Atenção à Condução;Queda de ocupante de veículo;Com Vítimas Feridas;Pleno dia;Decrescente;Chuva;Dupla;Reta;Sim;2;0;0;1;0;1;1;2;-20.33302593;-41.12931881
316378.0;2020-10-22;quinta-feira;19:10:00;101.0;163.9;LINHARES;Desobediência às normas de trânsito pelo condutor;Colisão traseira;Com Vítimas Feridas;Plena Noite;Crescente;Nublado;Simples;Reta;Não;2;0;1;0;1;0;1;2;-19.49806194;-40.13058524
316364.0;2020-10-22;quinta-feira;17:50:00;101.0;143.9;LINHARES;Falta de Atenção do Pedestre;Atropelamento de Pedestre;Com Vítimas Feridas;Plena Noite;Decrescente;Chuva;Múltipla;Reta;Sim;2;0;1;0;1;0;1;1;-19.35188295;-40.0636685
316349.0;2020-10-22;quinta-feira;17:00:00;262.0;115.0;CONCEICAO DO CASTELO;Velocidade Incompatível;Colisão frontal;Com Vítimas Feridas;Pleno dia;Decrescente;Chuva;Simples;Curva;Não;4;0;2;0;2;0;2;3;-20.32053818;-41.21864322
316330.0;2020-10-22;quinta-feira;13:20:00;262.0;34.5;DOMINGOS MARTINS;Defeito Mecânico no Veículo;Derramamento de carga;Com Vítimas Feridas;Pleno dia;Decrescente;Chuva;Simples;Desvio Temporário;Não;1;0;0;1;0;0;1;1;-20.37252415;-40.59110674
316605.0;2020-10-23;sexta-feira;18:30:00;259.0;53.0;COLATINA;Desobediência às normas de trânsito pelo condutor;Colisão transversal;Com Vítimas Feridas;Plena Noite;Decrescente;Chuva;Simples;Reta;Não;3;0;1;1;0;1;2;2;-19.49989886;-40.62939795
316594.0;2020-10-23;sexta-feira;20:30:00;101.0;293.8;CARIACICA;Sinalização da via insuficiente ou inadequada;Colisão com objeto estático;Com Vítimas Feridas;Plena Noite;Crescente;Chuva;Múltipla;Não Informado;Sim;3;0;1;0;2;0;1;1;-20.31526144;-40.39567044
316538.0;2020-10-23;sexta-feira;16:20:00;262.0;6.0;CARIACICA;Falta de Atenção à Condução;Colisão com objeto estático;Sem Vítimas;Pleno dia;Decrescente;Sol;Múltipla;Reta;Sim;2;0;0;0;1;1;0;2;-20.34007493;-40.39451305
316462.0;2020-10-23;sexta-feira;08:50:00;101.0;442.8;MIMOSO DO SUL;Falta de Atenção à Condução;Colisão transversal;Com Vítimas Feridas;Pleno dia;Decrescente;Sol;Simples;Não Informado;Não;2;0;1;0;1;0;1;2;-21.098802199999998;-41.25399563
316455.0;2020-10-23;sexta-feira;08:20:00;101.0;270.0;SERRA;Falta de Atenção do Pedestre;Atropelamento de Pedestre;Com Vítimas Feridas;Pleno dia;Crescente;Garoa/Chuvisco;Múltipla;Curva;Não;2;0;1;0;1;0;1;1;-20.22662056;-40.27075088
316438.0;2020-10-23;sexta-feira;05:30:00;262.0;5.0;CARIACICA;Ingestão de Álcool;Colisão com objeto estático;Com Vítimas Feridas;Amanhecer;Decrescente;Céu Claro;Múltipla;Reta;Sim;1;0;1;0;0;0;1;1;-20.3376409;-40.38615525
316628.0;2020-10-23;sexta-feira;16:00:00;101.0;402.7;ITAPEMIRIM;Falta de Atenção à Condução;Saída de leito carroçável;Sem Vítimas;Pleno dia;Decrescente;Céu Claro;Simples;Não Informado;Não;1;0;0;0;0;1;0;1;-20.88930226;-40.9964723
316858.0;2020-10-24;sábado;21:30:00;101.0;255.5;SERRA;Pista Escorregadia;Colisão com objeto estático;Sem Vítimas;Plena Noite;Decrescente;Chuva;Simples;Interseção de vias;Sim;1;0;0;0;0;1;0;1;-20.11487935;-40.31943619
316834.0;2020-10-24;sábado;19:50:00;101.0;285.0;CARIACICA;Falta de Atenção à Condução;Colisão com objeto estático;Com Vítimas Feridas;Plena Noite;Decrescente;Chuva;Dupla;Reta;Sim;2;0;2;0;0;0;2;1;-20.25148171;-40.37270066
316825.0;2020-10-24;sábado;19:10:00;101.0;266.0;SERRA;Falta de Atenção à Condução;Colisão traseira;Com Vítimas Feridas;Plena Noite;Decrescente;Chuva;Dupla;Reta;Não;2;0;0;1;0;1;1;2;-20.190199;-40.26828891
316824.0;2020-10-24;sábado;15:25:00;101.0;389.7;RIO NOVO DO SUL;Velocidade Incompatível;Capotamento;Com Vítimas Feridas;Pleno dia;Decrescente;Garoa/Chuvisco;Simples;Curva;Não;2;0;2;0;0;0;2;1;-20.86208093;-40.88062015
316820.0;2020-10-24;sábado;18:33:00;101.0;399.0;RIO NOVO DO SUL;Falta de Atenção à Condução;Colisão com objeto estático;Sem Vítimas;Plena Noite;Decrescente;Chuva;Simples;Reta;Não;1;0;0;0;1;0;0;1;-20.87819123;-40.96568078
316808.0;2020-10-24;sábado;18:00:00;101.0;295.0;CARIACICA;Desobediência às normas de trânsito pelo condutor;Colisão traseira;Com Vítimas Feridas;Plena Noite;Decrescente;Chuva;Dupla;Reta;Sim;3;0;2;0;1;0;2;2;-20.33223667;-40.40004683
316683.0;2020-10-24;sábado;06:00:00;101.0;215.0;IBIRACU;Falta de Atenção do Pedestre;Atropelamento de Pedestre;Com Vítimas Feridas;Pleno dia;Crescente;Chuva;Simples;Reta;Sim;2;0;0;1;0;1;1;1;-19.83184002;-40.38012995
316677.0;2020-10-24;sábado;05:50:00;482.0;96.6;ALEGRE;Ingestão de Álcool;Colisão lateral;Sem Vítimas;Plena Noite;Crescente;Chuva;Simples;Reta;Não;2;0;0;0;2;0;0;2;-20.76917066;-41.59862516
316656.0;2020-10-24;sábado;04:15:00;101.0;211.7;IBIRACU;Condutor Dormindo;Colisão frontal;Com Vítimas Feridas;Plena Noite;Crescente;Chuva;Simples;Curva;Não;2;0;0;1;1;0;1;2;-19.81335893;-40.36550945
316638.0;2020-10-24;sábado;00:40:00;262.0;19.9;VIANA;Ingestão de Álcool;Colisão traseira;Com Vítimas Feridas;Plena Noite;Crescente;Chuva;Simples;Reta;Sim;4;0;1;0;3;0;1;2;-20.3919143;-40.49002338
316868.0;2020-10-24;sábado;23:30:00;101.0;256.5;SERRA;Falta de Atenção à Condução;Atropelamento de Pedestre;Com Vítimas Feridas;Plena Noite;Crescente;Chuva;Simples;Ponte;Sim;2;0;1;0;0;1;1;1;-20.12156202;-40.31198679999999
317031.0;2020-10-25;domingo;09:00:00;482.0;92.8;ALEGRE;Defeito Mecânico no Veículo;Tombamento;Sem Vítimas;Pleno dia;Decrescente;Chuva;Simples;Curva;Não;1;0;0;0;1;0;0;1;-20.75576213;-41.57614516
316978.0;2020-10-25;domingo;06:00:00;482.0;128.8;GUACUI;Ingestão de Álcool;Saída de leito carroçável;Com Vítimas Feridas;Pleno dia;Decrescente;Chuva;Simples;Reta;Não;3;0;0;3;0;0;3;1;-20.751123800000002;-41.82037467
317010.0;2020-10-25;domingo;12:45:00;262.0;29.5;DOMINGOS MARTINS;Pista Escorregadia;Colisão frontal;Com Vítimas Feridas;Pleno dia;Decrescente;Chuva;Simples;Desvio Temporário;Não;4;0;1;3;0;0;4;2;-20.37585099;-40.56027297
317006.0;2020-10-25;domingo;12:05:00;101.0;366.8;ANCHIETA;Pista Escorregadia;Saída de leito carroçável;Com Vítimas Feridas;Pleno dia;Decrescente;Chuva;Simples;Curva;Não;3;0;1;0;2;0;1;1;-20.73590976;-40.7597842
316968.0;2020-10-25;domingo;05:30:00;262.0;163.9;IBATIBA;Falta de Atenção à Condução;Colisão frontal;Com Vítimas Feridas;Amanhecer;Crescente;Chuva;Simples;Curva;Não;4;0;3;0;1;0;3;2;-20.23781414;-41.53986149
317009.0;2020-10-25;domingo;12:00:00;101.0;406.7;ITAPEMIRIM;Velocidade Incompatível;Saída de leito carroçável;Com Vítimas Feridas;Pleno dia;Crescente;Chuva;Simples;Curva;Não;2;0;2;0;0;0;2;1;-20.89814709;-41.02410309
317087.0;2020-10-25;domingo;18:50:00;101.0;297.8;VIANA;Desobediência às normas de trânsito pelo condutor;Colisão traseira;Com Vítimas Feridas;Plena Noite;Decrescente;Chuva;Múltipla;Não Informado;Sim;2;0;1;0;1;0;1;2;-20.35318236;-40.41503191
317108.0;2020-10-25;domingo;18:00:00;482.0;66.9;ALEGRE;Ultrapassagem Indevida;Colisão frontal;Com Vítimas Feridas;Plena Noite;Decrescente;Nublado;Simples;Reta;Não;5;0;3;2;0;0;5;3;-20.78856701;-41.41085803
317189.0;2020-10-26;segunda-feira;07:30:00;262.0;46.7;MARECHAL FLORIANO;Desobediência às normas de trânsito pelo condutor;Colisão transversal;Com Vítimas Feridas;Pleno dia;Decrescente;Nublado;Simples;Interseção de vias;Sim;3;0;0;2;1;0;2;2;-20.40565705;-40.67280081
317289.0;2020-10-26;segunda-feira;17:00:00;101.0;294.0;CARIACICA;Desobediência às normas de trânsito pelo condutor;Colisão traseira;Com Vítimas Feridas;Anoitecer;Crescente;Céu Claro;Dupla;Reta;Sim;4;0;1;0;2;1;1;4;-20.32415948;-40.3952903
317327.0;2020-10-26;segunda-feira;20:30:00;101.0;37.0;CONCEICAO DA BARRA;Desobediência às normas de trânsito pelo condutor;Colisão transversal;Com Vítimas Feridas;Plena Noite;Crescente;Céu Claro;Simples;Rotatória;Sim;2;0;1;0;1;0;1;2;-18.47913175;-39.92487799