id;data_inversa;dia_semana;horario;br;km;municipio;causa_acidente;tipo_acidente;classificacao_acidente;fase_dia;sentido_via;condicao_metereologica;tipo_pista;tracado_via;uso_solo;pessoas;mortos;feridos_leves;feridos_graves;ilesos;ignorados;feridos;veiculos;latitude;longitude
317335.0;2020-10-26;segunda-feira;20:00:00;262.0;145.7;IBATIBA;Desobediência às normas de trânsito pelo condutor;Colisão traseira;Com Vítimas Feridas;Plena Noite;Decrescente;Céu Claro;Simples;Não Informado;Não;3;0;2;0;1;0;2;2;-20.23546269;-41.40870379
317240.0;2020-10-26;segunda-feira;07:30:00;101.0;69.9;SAO MATEUS;Animais na Pista;Atropelamento de Animal;Com Vítimas Feridas;Pleno dia;Crescente;Nublado;Simples;Reta;Não;1;0;1;0;0;0;1;1;-18.73556097;-39.86069526
317229.0;2020-10-26;segunda-feira;12:20:00;101.0;216.0;IBIRACU;Desobediência às normas de trânsito pelo condutor;Colisão com objeto estático;Com Vítimas Feridas;Pleno dia;Crescente;Nublado;Simples;Reta;Não;2;0;0;1;1;0;1;2;-19.83935411;-40.3835169
317204.0;2020-10-26;segunda-feira;09:15:00;101.0;459.7;MIMOSO DO SUL;Velocidade Incompatível;Colisão com objeto estático;Com Vítimas Feridas;Pleno dia;Crescente;Céu Claro;Simples;Curva;Não;2;0;2;0;0;0;2;1;-21.21085997;-41.29896489
317259.0;2020-10-26;segunda-feira;10:30:00;101.0;2.1;ICONHA;Avarias e/ou desgaste excessivo no pneu;Tombamento;Com Vítimas Feridas;Pleno dia;Decrescente;Garoa/Chuvisco;Dupla;Curva;Não;2;0;2;0;0;0;2;1;-20.79354;-40.811462
317366.0;2020-10-27;terça-feira;07:10:00;101.0;146.2;LINHARES;Desobediência às normas de trânsito pelo condutor;Colisão traseira;Com Vítimas Feridas;Pleno dia;Decrescente;Céu Claro;Dupla;Reta;Sim;2;0;1;0;1;0;1;2;-19.36990998;-40.06560718
317503.0;2020-10-27;terça-feira;14:00:00;484.0;108.5;AFONSO CLAUDIO;Falta de Atenção à Condução;Tombamento;Com Vítimas Feridas;Pleno dia;Crescente;Nublado;Simples;Reta;Não;1;0;1;0;0;0;1;1;-20.06833448;-41.08356308
317669.0;2020-10-28;quarta-feira;20:03:00;101.0;447.9;MIMOSO DO SUL;Velocidade Incompatível;Colisão com objeto estático;Com Vítimas Feridas;Plena Noite;Crescente;Céu Claro;Simples;Curva;Não;3;0;2;0;1;0;2;1;-21.12405791;-41.27538314
317630.0;2020-10-28;quarta-feira;16:40:00;101.0;260.9;SERRA;Falta de Atenção à Condução;Colisão lateral;Com Vítimas Feridas;Pleno dia;Crescente;Nublado;Dupla;Curva;Não;4;0;2;0;2;0;2;3;-20.14616415;-40.28836206
317613.0;2020-10-28;quarta-feira;15:20:00;101.0;261.2;SERRA;Velocidade Incompatível;Colisão transversal;Com Vítimas Fatais;Pleno dia;Crescente;Céu Claro;Dupla;Reta;Sim;4;1;0;1;2;0;1;3;-20.14854215;-40.27970926
317517.0;2020-10-28;quarta-feira;02:10:00;101.0;14.0;PEDRO CANARIO;Ingestão de Álcool;Colisão lateral;Sem Vítimas;Plena Noite;Decrescente;Céu Claro;Simples;Reta;Não;2;0;0;0;2;0;0;2;-18.28229192;-39.95687688
317609.0;2020-10-28;quarta-feira;15:00:00;101.0;333.5;GUARAPARI;Pista Escorregadia;Tombamento;Com Vítimas Feridas;Pleno dia;Crescente;Chuva;Dupla;Reta;Não;1;0;1;0;0;0;1;1;-20.61464111;-40.51385389
317597.0;2020-10-28;quarta-feira;14:10:00;101.0;269.0;SERRA;Falta de Atenção à Condução;Tombamento;Com Vítimas Feridas;Pleno dia;Crescente;Céu Claro;Dupla;Reta;Não;1;0;1;0;0;0;1;1;-20.21740496;-40.26990578
317589.0;2020-10-28;quarta-feira;12:42:00;101.0;282.5;CARIACICA;Falta de Atenção à Condução;Colisão frontal;Com Vítimas Feridas;Pleno dia;Decrescente;Céu Claro;Simples;Curva;Sim;2;0;2;0;0;0;2;2;-20.22694;-40.36458
317525.0;2020-10-28;quarta-feira;05:10:00;101.0;293.6;CARIACICA;Falta de Atenção à Condução;Colisão transversal;Com Vítimas Feridas;Amanhecer;Decrescente;Nublado;Dupla;Não Informado;Sim;2;0;1;0;1;0;1;2;-20.31526144;-40.39567044
317702.0;2020-10-29;quinta-feira;01:35:00;101.0;302.8;VIANA;Velocidade Incompatível;Tombamento;Com Vítimas Feridas;Plena Noite;Crescente;Nublado;Dupla;Curva;Não;1;0;1;0;0;0;1;1;-20.39451726;-40.41853879
317827.0;2020-10-29;quinta-feira;17:30:00;101.0;327.9;GUARAPARI;Falta de Atenção do Pedestre;Atropelamento de Pedestre;Com Vítimas Feridas;Anoitecer;Crescente;Nublado;Dupla;Reta;Não;2;0;0;1;1;0;1;1;-20.57231099;-40.48455601
317812.0;2020-10-29;quinta-feira;17:20:00;101.0;293.0;CARIACICA;Pista Escorregadia;Queda de ocupante de veículo;Com Vítimas Feridas;Anoitecer;Crescente;Nublado;Múltipla;Reta;Sim;1;0;1;0;0;0;1;1;-20.31526144;-40.39567044
317785.0;2020-10-29;quinta-feira;14:13:00;101.0;147.0;LINHARES;Falta de Atenção do Pedestre;Atropelamento de Pedestre;Com Vítimas Feridas;Pleno dia;Crescente;Nublado;Dupla;Curva;Sim;3;0;0;2;1;0;2;1;-19.37887202;-40.06657892
317770.0;2020-10-29;quinta-feira;11:00:00;101.0;266.0;SERRA;Falta de Atenção à Condução;Tombamento;Com Vítimas Feridas;Pleno dia;Crescente;Nublado;Múltipla;Reta;Sim;1;0;1;0;0;0;1;1;-20.190199;-40.26828891
317769.0;2020-10-29;quinta-feira;11:59:00;262.0;6.6;CARIACICA;Desobediência às normas de trânsito pelo pedestre;Atropelamento de Pedestre;Com Vítimas Feridas;Pleno dia;Decrescente;Nublado;Múltipla;Reta;Sim;2;0;1;0;1;0;1;1;-20.34274674;-40.40061604
317751.0;2020-10-29;quinta-feira;09:20:00;101.0;303.5;VIANA;Falta de Atenção à Condução;Colisão lateral;Sem Vítimas;Pleno dia;Crescente;Nublado;Dupla;Não Informado;Sim;2;0;0;0;2;0;0;2;-20.37695747;-40.44527144
321572.0;2020-10-30;sexta-feira;23:15:00;101.0;86.7;SAO MATEUS;Defeito Mecânico no Veículo;Colisão traseira;Com Vítimas Feridas;Plena Noite;Decrescente;Céu Claro;Simples;Reta;Não;3;0;0;1;2;0;1;2;-18.86552104;-39.93978995
325005.0;2020-10-30;sexta-feira;15:15:00;101.0;213.5;IBIRACU;Falta de Atenção à Condução;Colisão transversal;Com Vítimas Feridas;Pleno dia;Crescente;Chuva;Simples;Reta;Sim;2;0;0;1;1;0;1;2;-19.82352998;-40.36981894
321627.0;2020-10-30;sexta-feira;23:35:00;262.0;4.4;CARIACICA;Ingestão de Álcool;Colisão com objeto estático;Com Vítimas Feridas;Plena Noite;Crescente;Chuva;Múltipla;Reta;Sim;4;0;1;2;0;1;3;1;-20.33609327;-40.37812784
318072.0;2020-10-30;sexta-feira;18:00:00;262.0;113.8;VENDA NOVA DO IMIGRANTE;Desobediência às normas de trânsito pelo condutor;Colisão frontal;Com Vítimas Feridas;Anoitecer;Crescente;Nublado;Simples;Curva;Sim;5;0;3;1;0;1;4;2;-20.32603577;-41.20900869
318035.0;2020-10-30;sexta-feira;17:00:00;101.0;269.0;SERRA;Não guardar distância de segurança;Colisão traseira;Com Vítimas Feridas;Anoitecer;Crescente;Chuva;Múltipla;Reta;Sim;2;0;1;0;0;1;1;2;-20.21740496;-40.26990578
317984.0;2020-10-30;sexta-feira;12:10:00;101.0;230.0;FUNDAO;Falta de Atenção do Pedestre;Atropelamento de Pedestre;Com Vítimas Feridas;Pleno dia;Decrescente;Chuva;Dupla;Reta;Não;2;0;1;0;1;0;1;1;-19.93558165;-40.40603211
318087.0;2020-10-30;sexta-feira;20:05:00;101.0;457.8;MIMOSO DO SUL;Desobediência às normas de trânsito pelo condutor;Colisão transversal;Com Vítimas Feridas;Plena Noite;Crescente;Chuva;Simples;Rotatória;Não;5;0;3;0;2;0;3;2;-21.19404508;-41.29778404
318086.0;2020-10-30;sexta-feira;21:00:00;101.0;299.8;CARIACICA;Desobediência às normas de trânsito pelo condutor;Colisão traseira;Com Vítimas Feridas;Plena Noite;Decrescente;Chuva;Múltipla;Retorno Regulamentado;Sim;3;0;1;0;2;0;1;2;-20.358635;-40.432167
318076.0;2020-10-30;sexta-feira;19:30:00;262.0;56.0;MARECHAL FLORIANO;Falta de Atenção à Condução;Colisão transversal;Com Vítimas Feridas;Plena Noite;Crescente;Chuva;Simples;Curva;Não;2;0;1;0;1;0;1;2;-20.41333487;-40.75452837
318335.0;2020-10-31;sábado;17:50:00;101.0;260.2;SERRA;Desobediência às normas de trânsito pelo condutor;Colisão frontal;Com Vítimas Feridas;Anoitecer;Crescente;Chuva;Dupla;Curva;Não;4;0;1;0;2;1;1;3;-20.14616415;-40.28836206
318229.0;2020-10-31;sábado;08:00:00;259.0;86.9;BAIXO GUANDU;Falta de Atenção à Condução;Saída de leito carroçável;Com Vítimas Feridas;Pleno dia;Decrescente;Chuva;Simples;Reta;Não;2;0;0;2;0;0;2;1;-19.51271481;-40.88594617
318214.0;2020-10-31;sábado;07:35:00;262.0;25.7;VIANA;Falta de Atenção à Condução;Colisão frontal;Sem Vítimas;Pleno dia;Crescente;Chuva;Simples;Reta;Não;3;0;0;0;3;0;0;2;-20.37910854;-40.53514614
318144.0;2020-10-31;sábado;01:30:00;101.0;137.0;LINHARES;Pista Escorregadia;Tombamento;Com Vítimas Feridas;Plena Noite;Crescente;Garoa/Chuvisco;Simples;Reta;Sim;1;0;1;0;0;0;1;1;-19.29308199;-40.08591691
318359.0;2020-10-31;sábado;19:45:00;262.0;19.6;VIANA;Ingestão de Álcool;Colisão frontal;Sem Vítimas;Plena Noite;Crescente;Chuva;Simples;Não Informado;Sim;2;0;0;0;2;0;0;2;-20.3919143;-40.49002338
321849.0;2020-10-31;sábado;09:00:00;101.0;217.0;IBIRACU;Defeito Mecânico no Veículo;Capotamento;Com Vítimas Feridas;Pleno dia;Decrescente;Chuva;Simples;Curva;Não;5;0;2;2;1;0;4;1;-19.847185999999997;-40.384266
322236.0;2020-10-31;sábado;10:25:00;262.0;5.7;CARIACICA;Desobediência às normas de trânsito pelo condutor;Colisão transversal;Com Vítimas Feridas;Pleno dia;Crescente;Chuva;Simples;Interseção de vias;Sim;2;0;0;1;1;0;1;2;-20.33707281;-40.38649924
326211.0;2020-10-31;sábado;18:00:00;101.0;213.5;IBIRACU;Desobediência às normas de trânsito pelo condutor;Queda de ocupante de veículo;Com Vítimas Feridas;Plena Noite;Crescente;Nublado;Simples;Não Informado;Sim;1;0;0;1;0;0;1;1;-19.82352998;-40.36981894
318399.0;2020-10-31;sábado;23:15:00;262.0;1.5;CARIACICA;Falta de Atenção à Condução;Colisão traseira;Sem Vítimas;Plena Noite;Decrescente;Chuva;Múltipla;Interseção de vias;Sim;2;0;0;0;2;0;0;2;-20.32955204;-40.35492602
318538.0;2020-11-01;domingo;12:00:00;259.0;44.0;COLATINA;Pista Escorregadia;Saída de leito carroçável;Com Vítimas Feridas;Pleno dia;Crescente;Chuva;Simples;Reta;Não;2;0;1;1;0;0;2;1;-19.54162011;-40.56859824
325240.0;2020-11-01;domingo;01:45:00;101.0;277.4;SERRA;Velocidade Incompatível;Saída de leito carroçável;Com Vítimas Feridas;Plena Noite;Decrescente;Chuva;Dupla;Curva;Não;1;0;0;1;0;0;1;1;-20.21307738;-40.32125972
318568.0;2020-11-01;domingo;17:40:00;101.0;297.9;VIANA;Falta de Atenção à Condução;Colisão traseira;Com Vítimas Feridas;Plena Noite;Decrescente;Garoa/Chuvisco;Dupla;Não Informado;Sim;2;0;1;0;1;0;1;2;-20.34529844;-40.41026774
322790.0;2020-11-01;domingo;16:00:00;101.0;243.0;SERRA;Pista Escorregadia;Queda de ocupante de veículo;Com Vítimas Feridas;Pleno dia;Crescente;Chuva;Simples;Reta;Não;1;0;0;1;0;0;1;1;-20.04007795;-40.39273658
318508.0;2020-11-01;domingo;09:40:00;101.0;106.1;SOORETAMA;Avarias e/ou desgaste excessivo no pneu;Capotamento;Com Vítimas Feridas;Pleno dia;Crescente;Chuva;Simples;Reta;Não;1;0;1;0;0;0;1;1;-19.02940988;-40.01887727
318494.0;2020-11-01;domingo;08:40:00;101.0;114.1;SOORETAMA;Defeito Mecânico no Veículo;Tombamento;Com Vítimas Feridas;Pleno dia;Decrescente;Garoa/Chuvisco;Simples;Reta;Não;2;0;1;0;1;0;1;1;-19.09484877;-40.05095848
318813.0;2020-11-02;segunda-feira;19:30:00;262.0;46.6;MARECHAL FLORIANO;Desobediência às normas de trânsito pelo condutor;Colisão transversal;Com Vítimas Feridas;Plena Noite;Crescente;Céu Claro;Simples;Retorno Regulamentado;Sim;3;0;2;0;1;0;2;2;-20.40565705;-40.67280081
318722.0;2020-11-02;segunda-feira;13:15:00;393.0;8.0;CACHOEIRO DE ITAPEMIRIM;Velocidade Incompatível;Saída de leito carroçável;Com Vítimas Feridas;Pleno dia;Decrescente;Nublado;Simples;Reta;Não;1;0;1;0;0;0;1;1;-20.83131413;-41.22312386
318744.0;2020-11-02;segunda-feira;15:30:00;262.0;73.9;DOMINGOS MARTINS;Desobediência às normas de trânsito pelo condutor;Colisão frontal;Com Vítimas Feridas;Pleno dia;Crescente;Garoa/Chuvisco;Simples;Reta;Não;2;0;2;0;0;0;2;2;-20.41066352;-40.88380166
324894.0;2020-11-02;segunda-feira;11:30:00;101.0;268.5;SERRA;Falta de Atenção à Condução;Tombamento;Com Vítimas Feridas;Pleno dia;Decrescente;Céu Claro;Dupla;Reta;Sim;1;0;0;1;0;0;1;1;-20.20842;-40.269405
318908.0;2020-11-03;terça-feira;08:10:00;262.0;4.5;CARIACICA;Velocidade Incompatível;Colisão com objeto estático;Com Vítimas Feridas;Pleno dia;Crescente;Nublado;Dupla;Curva;Sim;1;0;1;0;0;0;1;1;-20.33609327;-40.37812784
318993.0;2020-11-03;terça-feira;14:50:00;101.0;270.8;SERRA;Falta de Atenção à Condução;Atropelamento de Pedestre;Com Vítimas Feridas;Pleno dia;Crescente;Nublado;Múltipla;Reta;Sim;2;0;1;0;1;0;1;1;-20.22662056;-40.27075088
318983.0;2020-11-03;terça-feira;16:30:00;262.0;46.0;MARECHAL FLORIANO;Falta de Atenção à Condução;Colisão transversal;Com Vítimas Feridas;Pleno dia;Crescente;Céu Claro;Simples;Reta;Sim;2;0;1;0;1;0;1;2;-20.40565705;-40.67280081
318962.0;2020-11-03;terça-feira;14:47:00;101.0;405.7;ITAPEMIRIM;Falta de Atenção à Condução;Tombamento;Com Vítimas Feridas;Pleno dia;Crescente;Céu Claro;Simples;Reta;Não;1;0;0;1;0;0;1;1;-20.90045516;-41.01499799
318933.0;2020-11-03;terça-feira;10:20:00;101.0;204.1;JOAO NEIVA;Falta de Atenção à Condução;Colisão transversal;Com Vítimas Fatais;Pleno dia;Crescente;Nublado;Simples;Reta;Sim;3;1;0;1;1;0;1;2;-19.74948916;-40.37922678
318909.0;2020-11-03;terça-feira;08:20:00;101.0;268.5;SERRA;Não guardar distância de segurança;Colisão lateral;Com Vítimas Feridas;Pleno dia;Crescente;Nublado;Dupla;Reta;Sim;2;0;1;0;1;0;1;2;-20.20842;-40.269405
319216.0;2020-11-04;quarta-feira;07:50:00;101.0;54.0;SAO MATEUS;Desobediência às normas de trânsito pelo condutor;Colisão frontal;Com Vítimas Feridas;Pleno dia;Decrescente;Garoa/Chuvisco;Simples;Reta;Não;4;0;2;0;2;0;2;2;-18.62067908;-39.88189225
319142.0;2020-11-04;quarta-feira;17:15:00;101.0;307.0;VIANA;Desobediência às normas de trânsito pelo condutor;Tombamento;Com Vítimas Feridas;Pleno dia;Decrescente;Nublado;Dupla;Curva;Não;1;0;1;0;0;0;1;1;-20.39978524;-40.45604748
319163.0;2020-11-04;quarta-feira;16:35:00;101.0;424.3;ATILIO VIVACQUA;Velocidade Incompatível;Saída de leito carroçável;Com Vítimas Feridas;Pleno dia;Decrescente;Nublado;Simples;Reta;Não;1;0;1;0;0;0;1;1;-20.9947948;-41.12521918
319064.0;2020-11-04;quarta-feira;01:29:00;101.0;266.2;SERRA;Desobediência às normas de trânsito pelo condutor;Colisão transversal;Sem Vítimas;Plena Noite;Crescente;Céu Claro;Dupla;Interseção de vias;Sim;2;0;0;0;2;0;0;2;-20.190199;-40.26828891
319236.0;2020-11-05;quinta-feira;08:10:00;101.0;1.0;SERRA;Falta de Atenção à Condução;Colisão lateral;Com Vítimas Feridas;Pleno dia;Decrescente;Céu Claro;Dupla;Reta;Sim;2;0;1;0;1;0;1;2;-20.24057997;-40.27958438
319288.0;2020-11-05;quinta-feira;12:00:00;101.0;362.1;ANCHIETA;Velocidade Incompatível;Colisão traseira;Com Vítimas Feridas;Pleno dia;Crescente;Nublado;Simples;Curva;Não;3;0;2;0;1;0;2;2;-20.71645213;-40.7300389
319294.0;2020-11-05;quinta-feira;12:00:00;101.0;295.0;CARIACICA;Falta de Atenção à Condução;Colisão lateral;Com Vítimas Feridas;Pleno dia;Crescente;Nublado;Múltipla;Curva;Sim;3;0;1;0;2;0;1;2;-20.33223667;-40.40004683
319391.0;2020-11-05;quinta-feira;21:20:00;259.0;62.8;COLATINA;Ingestão de Álcool;Colisão frontal;Com Vítimas Feridas;Plena Noite;Crescente;Céu Claro;Simples;Reta;Sim;2;0;0;1;1;0;1;2;-19.53124185;-40.68990791
319295.0;2020-11-05;quinta-feira;12:59:00;101.0;346.8;GUARAPARI;Falta de Atenção à Condução;Tombamento;Com Vítimas Feridas;Pleno dia;Crescente;Nublado;Simples;Reta;Não;1;0;1;0;0;0;1;1;-20.6572762;-40.61753710000001
319344.0;2020-11-05;quinta-feira;17:30:00;101.0;253.9;SERRA;Desobediência às normas de trânsito pelo pedestre;Atropelamento de Pedestre;Com Vítimas Feridas;Anoitecer;Decrescente;Nublado;Simples;Reta;Sim;4;0;0;1;3;0;1;1;-20.10336754;-40.33383553
319373.0;2020-11-05;quinta-feira;19:10:00;101.0;370.5;ICONHA;Falta de Atenção à Condução;Colisão transversal;Com Vítimas Feridas;Plena Noite;Crescente;Nublado;Simples;Interseção de vias;Não;2;0;1;0;1;0;1;2;-20.76871121;-40.75999937
319374.0;2020-11-05;quinta-feira;19:10:00;101.0;332.8;GUARAPARI;Velocidade Incompatível;Tombamento;Com Vítimas Feridas;Plena Noite;Crescente;Céu Claro;Simples;Curva;Não;1;0;1;0;0;0;1;1;-20.61170837;-40.51073682
319390.0;2020-11-05;quinta-feira;20:45:00;259.0;59.7;COLATINA;Desobediência às normas de trânsito pelo condutor;Colisão transversal;Com Vítimas Fatais;Plena Noite;Crescente;Nublado;Simples;Curva;Não;3;1;0;1;1;0;1;2;-19.522759100000002;-40.7102412
319447.0;2020-11-05;quinta-feira;08:20:00;101.0;437.8;MIMOSO DO SUL;Desobediência às normas de trânsito pelo condutor;Colisão lateral;Com Vítimas Feridas;Pleno dia;Decrescente;Céu Claro;Simples;Reta;Não;3;0;1;0;2;0;1;3;-21.06216733;-41.21281985
319407.0;2020-11-05;quinta-feira;23:50:00;262.0;46.0;MARECHAL FLORIANO;Desobediência às normas de trânsito pelo condutor;Colisão frontal;Com Vítimas Feridas;Plena Noite;Crescente;Nublado;Simples;Reta;Sim;3;0;2;1;0;0;3;2;-20.40565705;-40.67280081
319399.0;2020-11-05;quinta-feira;19:30:00;262.0;18.6;VIANA;Velocidade Incompatível;Saída de leito carroçável;Sem Vítimas;Plena Noite;Decrescente;Céu Claro;Simples;Curva;Sim;1;0;0;0;1;0;0;1;-20.39137228;-40.48080285
319511.0;2020-11-06;sexta-feira;13:20:00;262.0;161.9;IBATIBA;Desobediência às normas de trânsito pelo condutor;Colisão frontal;Com Vítimas Feridas;Pleno dia;Decrescente;Céu Claro;Simples;Reta;Não;2;0;0;1;1;0;1;2;-20.23640217;-41.52254154
319473.0;2020-11-06;sexta-feira;11:15:00;262.0;16.0;VIANA;Falta de Atenção à Condução;Colisão lateral;Com Vítimas Feridas;Pleno dia;Crescente;Nublado;Simples;Túnel;Sim;2;0;1;0;1;0;1;2;-20.38441093;-40.463078
319471.0;2020-11-06;sexta-feira;11:20:00;101.0;147.0;LINHARES;Desobediência às normas de trânsito pelo condutor;Colisão transversal;Com Vítimas Feridas;Pleno dia;Crescente;Céu Claro;Simples;Interseção de vias;Sim;2;0;2;0;0;0;2;2;-19.37887202;-40.06657892
319577.0;2020-11-06;sexta-feira;22:45:00;101.0;296.7;CARIACICA;Falta de Atenção à Condução;Colisão com objeto estático;Com Vítimas Feridas;Plena Noite;Decrescente;Céu Claro;Dupla;Curva;Sim;2;0;1;0;1;0;1;2;-20.34029997;-40.40405712
319459.0;2020-11-06;sexta-feira;09:00:00;259.0;51.9;COLATINA;Falta de Atenção à Condução;Colisão lateral;Com Vítimas Feridas;Pleno dia;Crescente;Sol;Simples;Reta;Não;4;0;3;0;1;0;3;2;-19.50453008;-40.61265703
319521.0;2020-11-06;sexta-feira;16:00:00;262.0;45.5;MARECHAL FLORIANO;Falta de Atenção à Condução;Colisão transversal;Com Vítimas Feridas;Pleno dia;Crescente;Chuva;Simples;Reta;Sim;2;0;1;0;1;0;1;2;-20.39769215;-40.67180229
319566.0;2020-11-06;sexta-feira;19:00:00;262.0;100.0;VENDA NOVA DO IMIGRANTE;Falta de Atenção à Condução;Tombamento;Com Vítimas Feridas;Plena Noite;Decrescente;Garoa/Chuvisco;Simples;Reta;Não;1;0;1;0;0;0;1;1;-20.34889991;-41.102073
319622.0;2020-11-07;sábado;06:50:00;101.0;68.0;SAO MATEUS;Desobediência às normas de trânsito pelo condutor;Colisão transversal;Com Vítimas Feridas;Pleno dia;Decrescente;Céu Claro;Dupla;Reta;Sim;2;0;1;0;1;0;1;2;-18.726597;-39.85975
319804.0;2020-11-07;sábado;23:00:00;101.0;68.5;SAO MATEUS;Desobediência às normas de trânsito pelo condutor;Colisão transversal;Com Vítimas Feridas;Plena Noite;Decrescente;Céu Claro;Simples;Rotatória;Sim;2;0;0;1;1;0;1;2;-18.73556097;-39.86069526
319797.0;2020-11-07;sábado;22:20:00;482.0;103.5;GUACUI;Desobediência às normas de trânsito pelo condutor;Colisão traseira;Com Vítimas Feridas;Plena Noite;Decrescente;Nublado;Simples;Reta;Sim;4;0;2;0;2;0;2;3;-20.78612815;-41.65592909
319793.0;2020-11-07;sábado;22:00:00;101.0;254.3;SERRA;Desobediência às normas de trânsito pelo condutor;Colisão transversal;Com Vítimas Feridas;Plena Noite;Decrescente;Céu Claro;Simples;Interseção de vias;Sim;3;0;2;0;1;0;2;2;-20.1100364;-40.32740141
319711.0;2020-11-07;sábado;16:20:00;101.0;82.8;SAO MATEUS;Falta de Atenção à Condução;Saída de leito carroçável;Com Vítimas Feridas;Pleno dia;Decrescente;Nublado;Simples;Reta;Não;1;0;1;0;0;0;1;1;-18.83616999;-39.91775501
319770.0;2020-11-07;sábado;21:00:00;262.0;44.2;MARECHAL FLORIANO;Falta de Atenção à Condução;Colisão lateral;Com Vítimas Fatais;Plena Noite;Crescente;Céu Claro;Simples;Reta;Não;3;1;0;0;0;2;0;2;-20.38908904;-40.66911594
319769.0;2020-11-07;sábado;20:50:00;101.0;222.5;IBIRACU;Condutor Dormindo;Colisão com objeto estático;Com Vítimas Feridas;Plena Noite;Decrescente;Nublado;Simples;Ponte;Não;1;0;0;1;0;0;1;1;-19.86991353;-40.411550399999996
319736.0;2020-11-07;sábado;19:20:00;101.0;143.0;LINHARES;Ingestão de Álcool;Colisão transversal;Com Vítimas Feridas;Plena Noite;Decrescente;Nublado;Simples;Reta;Sim;2;0;1;1;0;0;2;2;-19.34286596;-40.063856799999996
325752.0;2020-11-08;domingo;05:00:00;101.0;437.8;MIMOSO DO SUL;Condutor Dormindo;Colisão frontal;Com Vítimas Fatais;Pleno dia;Decrescente;Céu Claro;Simples;Reta;Não;3;1;1;0;1;0;1;2;-21.06216733;-41.21281985
320003.0;2020-11-08;domingo;16:00:00;101.0;284.2;CARIACICA;Avarias e/ou desgaste excessivo no pneu;Queda de ocupante de veículo;Com Vítimas Feridas;Pleno dia;Crescente;Céu Claro;Dupla;Não Informado;Sim;2;0;2;0;0;0;2;1;-20.24334991;-40.3696926
320010.0;2020-11-08;domingo;17:00:00;101.0;294.8;CARIACICA;Ingestão de Álcool;Colisão traseira;Com Vítimas Feridas;Pleno dia;Decrescente;Céu Claro;Dupla;Reta;Sim;5;0;3;0;2;0;3;2;-20.32415948;-40.3952903
320000.0;2020-11-08;domingo;15:50:00;101.0;265.0;SERRA;Desobediência às normas de trânsito pelo condutor;Colisão transversal;Com Vítimas Feridas;Pleno dia;Crescente;Céu Claro;Múltipla;Retorno Regulamentado;Sim;3;0;2;0;1;0;2;2;-20.17859107;-40.26540941
319985.0;2020-11-08;domingo;13:30:00;101.0;269.0;SERRA;Desobediência às normas de trânsito pelo condutor;Colisão transversal;Com Vítimas Feridas;Pleno dia;Decrescente;Céu Claro;Múltipla;Reta;Sim;3;0;0;2;1;0;2;2;-20.21740496;-40.26990578